"Strain","MomentumBin","MomentumRangeLow","MomentumRangeHigh","CountWT","CountMutant","FilesUsed","Asymmetry","Uncertainty"
"E. coli",1,-Inf,0.6536,18387463,18384806,10,0.00029,0.00082
"E. coli",2,0.6536,1.3231,17722346,17698495,10,0.00067,0.00052
"E. coli",3,1.3231,2.6811,19507546,19482867,10,0.00066,0.00041
"E. coli",4,2.6811,5.8742,21361848,21314609,10,0.00109,0.00032
"E. coli",5,5.8742,Inf,15147485,15096765,10,0.00293,0.00401
"Bacillus subtilis",1,-Inf,0.6536,1238914,1237780,10,0.00093,0.00202
"Bacillus subtilis",2,0.6536,1.3231,2029612,2031222,10,-0.00022,0.00188
"Bacillus subtilis",3,1.3231,2.6811,2605834,2605381,10,0.00005,0.00131
"Bacillus subtilis",4,2.6811,5.8742,3017075,3006537,10,0.00164,0.00086
"Bacillus subtilis",5,5.8742,Inf,2695792,2680026,10,0.00151,0.00483
"Pseudomonas aeruginosa",1,-Inf,0.6536,337024,331332,10,0.00801,0.00416
"Pseudomonas aeruginosa",2,0.6536,1.3231,778588,766503,10,0.00811,0.00333
"Pseudomonas aeruginosa",3,1.3231,2.6811,1249066,1229314,10,0.00803,0.00231
"Pseudomonas aeruginosa",4,2.6811,5.8742,1580395,1549824,10,0.00982,0.00295
"Pseudomonas aeruginosa",5,5.8742,Inf,1633620,1591474,10,0.01674,0.01181
"Streptococcus pneumoniae",1,-Inf,0.6536,63000,61838,10,0.00419,0.01863
"Streptococcus pneumoniae",2,0.6536,1.3231,155835,153540,10,0.00748,0.00614
"Streptococcus pneumoniae",3,1.3231,2.6811,278197,274302,10,0.00705,0.00337
"Streptococcus pneumoniae",4,2.6811,5.8742,372039,365814,10,0.00816,0.00454
"Streptococcus pneumoniae",5,5.8742,Inf,408259,399196,10,0.00979,0.00503
"Mycobacterium tuberculosis",1,-Inf,0.6536,6932,6891,10,0.00261,0.03556
"Mycobacterium tuberculosis",2,0.6536,1.3231,18756,18621,10,0.00405,0.01339
"Mycobacterium tuberculosis",3,1.3231,2.6811,37778,37410,10,0.00466,0.01005
"Mycobacterium tuberculosis",4,2.6811,5.8742,54399,53968,10,0.00445,0.01029
"Mycobacterium tuberculosis",5,5.8742,Inf,64274,63214,10,0.01199,0.01549
"Salmonella",1,-Inf,0.6536,164,146,10,0.05829,0.18672
"Salmonella",2,0.6536,1.3231,466,428,10,0.03333,0.09047
"Salmonella",3,1.3231,2.6811,1037,979,10,0.02705,0.07961
"Salmonella",4,2.6811,5.8742,1661,1628,10,0.01485,0.05539
"Salmonella",5,5.8742,Inf,2154,2137,10,0.02252,0.07785
