"Set","Strain","MomentumBin","CountWT","CountMutant"
1,"E. coli",1,2035588,2036650
1,"E. coli",2,1897662,1896264
1,"E. coli",3,1821704,1816062
1,"E. coli",4,1794613,1792634
1,"E. coli",5,1689130,1684174
1,"Bacillus subtilis",1,137490,137657
1,"Bacillus subtilis",2,218562,219359
1,"Bacillus subtilis",3,248168,249440
1,"Bacillus subtilis",4,255980,255319
1,"Bacillus subtilis",5,300647,299263
1,"Pseudomonas aeruginosa",1,37099,36954
1,"Pseudomonas aeruginosa",2,84638,82687
1,"Pseudomonas aeruginosa",3,121143,118804
1,"Pseudomonas aeruginosa",4,134805,131790
1,"Pseudomonas aeruginosa",5,181906,177127
1,"Streptococcus pneumoniae",1,7055,6997
1,"Streptococcus pneumoniae",2,17054,16691
1,"Streptococcus pneumoniae",3,27231,27029
1,"Streptococcus pneumoniae",4,31400,31079
1,"Streptococcus pneumoniae",5,45642,44448
1,"Mycobacterium tuberculosis",1,772,807
1,"Mycobacterium tuberculosis",2,2035,2056
1,"Mycobacterium tuberculosis",3,3674,3653
1,"Mycobacterium tuberculosis",4,4588,4599
1,"Mycobacterium tuberculosis",5,7063,7191
1,"Salmonella",1,16,20
1,"Salmonella",2,53,43
1,"Salmonella",3,109,87
1,"Salmonella",4,163,134
1,"Salmonella",5,253,260
2,"E. coli",1,2033559,2033941
2,"E. coli",2,1897943,1894302
2,"E. coli",3,1815106,1813209
2,"E. coli",4,1789826,1784832
2,"E. coli",5,1680847,1673708
2,"Bacillus subtilis",1,137036,137021
2,"Bacillus subtilis",2,218953,218678
2,"Bacillus subtilis",3,248683,249259
2,"Bacillus subtilis",4,255097,254319
2,"Bacillus subtilis",5,298949,297278
2,"Pseudomonas aeruginosa",1,37685,36606
2,"Pseudomonas aeruginosa",2,84050,83205
2,"Pseudomonas aeruginosa",3,120394,119207
2,"Pseudomonas aeruginosa",4,134219,130927
2,"Pseudomonas aeruginosa",5,180855,177087
2,"Streptococcus pneumoniae",1,6997,6807
2,"Streptococcus pneumoniae",2,16798,16449
2,"Streptococcus pneumoniae",3,27214,26937
2,"Streptococcus pneumoniae",4,31687,31336
2,"Streptococcus pneumoniae",5,45499,44460
2,"Mycobacterium tuberculosis",1,791,777
2,"Mycobacterium tuberculosis",2,2058,2084
2,"Mycobacterium tuberculosis",3,3679,3591
2,"Mycobacterium tuberculosis",4,4604,4699
2,"Mycobacterium tuberculosis",5,7045,7009
2,"Salmonella",1,24,11
2,"Salmonella",2,53,39
2,"Salmonella",3,83,92
2,"Salmonella",4,153,149
2,"Salmonella",5,229,227
3,"E. coli",1,2029612,2027512
3,"E. coli",2,1891482,1889871
3,"E. coli",3,1811364,1810973
3,"E. coli",4,1787356,1783675
3,"E. coli",5,1681725,1675369
3,"Bacillus subtilis",1,136735,136981
3,"Bacillus subtilis",2,219015,219055
3,"Bacillus subtilis",3,248042,247777
3,"Bacillus subtilis",4,254965,254353
3,"Bacillus subtilis",5,298760,295938
3,"Pseudomonas aeruginosa",1,37235,36511
3,"Pseudomonas aeruginosa",2,84120,83416
3,"Pseudomonas aeruginosa",3,120498,119311
3,"Pseudomonas aeruginosa",4,134606,130643
3,"Pseudomonas aeruginosa",5,181170,176521
3,"Streptococcus pneumoniae",1,7089,6763
3,"Streptococcus pneumoniae",2,17005,16580
3,"Streptococcus pneumoniae",3,26922,26668
3,"Streptococcus pneumoniae",4,31641,31128
3,"Streptococcus pneumoniae",5,44971,44175
3,"Mycobacterium tuberculosis",1,816,736
3,"Mycobacterium tuberculosis",2,2048,1999
3,"Mycobacterium tuberculosis",3,3721,3649
3,"Mycobacterium tuberculosis",4,4596,4712
3,"Mycobacterium tuberculosis",5,7184,6993
3,"Salmonella",1,19,18
3,"Salmonella",2,50,50
3,"Salmonella",3,101,105
3,"Salmonella",4,144,135
3,"Salmonella",5,220,248
4,"E. coli",1,2032691,2031738
4,"E. coli",2,1895314,1892133
4,"E. coli",3,1816191,1813478
4,"E. coli",4,1792442,1786874
4,"E. coli",5,1683492,1678773
4,"Bacillus subtilis",1,137130,136510
4,"Bacillus subtilis",2,218950,218800
4,"Bacillus subtilis",3,248420,248411
4,"Bacillus subtilis",4,255628,254518
4,"Bacillus subtilis",5,299701,298673
4,"Pseudomonas aeruginosa",1,37182,36830
4,"Pseudomonas aeruginosa",2,84721,82684
4,"Pseudomonas aeruginosa",3,121588,119106
4,"Pseudomonas aeruginosa",4,134046,132495
4,"Pseudomonas aeruginosa",5,181331,176966
4,"Streptococcus pneumoniae",1,6946,6887
4,"Streptococcus pneumoniae",2,16832,16562
4,"Streptococcus pneumoniae",3,27102,26622
4,"Streptococcus pneumoniae",4,31830,30718
4,"Streptococcus pneumoniae",5,45437,44608
4,"Mycobacterium tuberculosis",1,691,786
4,"Mycobacterium tuberculosis",2,2077,1965
4,"Mycobacterium tuberculosis",3,3701,3624
4,"Mycobacterium tuberculosis",4,4556,4480
4,"Mycobacterium tuberculosis",5,7291,7005
4,"Salmonella",1,15,13
4,"Salmonella",2,56,48
4,"Salmonella",3,99,95
4,"Salmonella",4,132,132
4,"Salmonella",5,241,232
5,"E. coli",1,2029622,2026588
5,"E. coli",2,1890761,1889774
5,"E. coli",3,1812978,1810237
5,"E. coli",4,1787158,1783260
5,"E. coli",5,1677865,1674131
5,"Bacillus subtilis",1,137386,137605
5,"Bacillus subtilis",2,218712,218475
5,"Bacillus subtilis",3,248512,247883
5,"Bacillus subtilis",4,254060,253688
5,"Bacillus subtilis",5,299044,297155
5,"Pseudomonas aeruginosa",1,37447,36522
5,"Pseudomonas aeruginosa",2,84015,82308
5,"Pseudomonas aeruginosa",3,120348,118624
5,"Pseudomonas aeruginosa",4,134329,131274
5,"Pseudomonas aeruginosa",5,181422,176653
5,"Streptococcus pneumoniae",1,6922,6830
5,"Streptococcus pneumoniae",2,16903,16847
5,"Streptococcus pneumoniae",3,26952,26534
5,"Streptococcus pneumoniae",4,31588,31216
5,"Streptococcus pneumoniae",5,45228,43943
5,"Mycobacterium tuberculosis",1,764,752
5,"Mycobacterium tuberculosis",2,2022,1991
5,"Mycobacterium tuberculosis",3,3732,3639
5,"Mycobacterium tuberculosis",4,4620,4470
5,"Mycobacterium tuberculosis",5,7157,6944
5,"Salmonella",1,20,25
5,"Salmonella",2,52,51
5,"Salmonella",3,94,101
5,"Salmonella",4,128,150
5,"Salmonella",5,255,244
6,"E. coli",1,2027375,2029055
6,"E. coli",2,1891475,1889029
6,"E. coli",3,1814121,1811672
6,"E. coli",4,1787430,1782767
6,"E. coli",5,1682050,1675763
6,"Bacillus subtilis",1,136192,136238
6,"Bacillus subtilis",2,218954,218559
6,"Bacillus subtilis",3,248440,248277
6,"Bacillus subtilis",4,255757,254037
6,"Bacillus subtilis",5,298497,297803
6,"Pseudomonas aeruginosa",1,37121,36662
6,"Pseudomonas aeruginosa",2,84288,82724
6,"Pseudomonas aeruginosa",3,121353,118679
6,"Pseudomonas aeruginosa",4,134387,131572
6,"Pseudomonas aeruginosa",5,181159,176346
6,"Streptococcus pneumoniae",1,7018,6802
6,"Streptococcus pneumoniae",2,16946,16434
6,"Streptococcus pneumoniae",3,26925,26681
6,"Streptococcus pneumoniae",4,31404,31178
6,"Streptococcus pneumoniae",5,45512,44508
6,"Mycobacterium tuberculosis",1,751,734
6,"Mycobacterium tuberculosis",2,1996,2051
6,"Mycobacterium tuberculosis",3,3627,3615
6,"Mycobacterium tuberculosis",4,4602,4508
6,"Mycobacterium tuberculosis",5,6991,7033
6,"Salmonella",1,12,19
6,"Salmonella",2,47,50
6,"Salmonella",3,89,95
6,"Salmonella",4,163,134
6,"Salmonella",5,210,246
7,"E. coli",1,2028748,2028948
7,"E. coli",2,1893338,1888064
7,"E. coli",3,1814500,1813022
7,"E. coli",4,1787037,1784933
7,"E. coli",5,1682651,1674272
7,"Bacillus subtilis",1,136697,136256
7,"Bacillus subtilis",2,218337,218805
7,"Bacillus subtilis",3,247986,248145
7,"Bacillus subtilis",4,254705,254399
7,"Bacillus subtilis",5,298095,297090
7,"Pseudomonas aeruginosa",1,37235,36778
7,"Pseudomonas aeruginosa",2,84022,83078
7,"Pseudomonas aeruginosa",3,120609,118151
7,"Pseudomonas aeruginosa",4,134096,132092
7,"Pseudomonas aeruginosa",5,181706,176355
7,"Streptococcus pneumoniae",1,6939,6813
7,"Streptococcus pneumoniae",2,16536,16703
7,"Streptococcus pneumoniae",3,27255,26426
7,"Streptococcus pneumoniae",4,31223,31047
7,"Streptococcus pneumoniae",5,44981,44244
7,"Mycobacterium tuberculosis",1,793,705
7,"Mycobacterium tuberculosis",2,2045,1991
7,"Mycobacterium tuberculosis",3,3694,3793
7,"Mycobacterium tuberculosis",4,4559,4515
7,"Mycobacterium tuberculosis",5,7038,6956
7,"Salmonella",1,22,13
7,"Salmonella",2,49,51
7,"Salmonella",3,118,79
7,"Salmonella",4,135,127
7,"Salmonella",5,226,224
8,"E. coli",1,2032373,2033291
8,"E. coli",2,1898118,1892649
8,"E. coli",3,1817360,1815455
8,"E. coli",4,1790372,1786674
8,"E. coli",5,1682583,1677097
8,"Bacillus subtilis",1,136877,136182
8,"Bacillus subtilis",2,218036,220046
8,"Bacillus subtilis",3,248399,247349
8,"Bacillus subtilis",4,255221,254691
8,"Bacillus subtilis",5,299465,298032
8,"Pseudomonas aeruginosa",1,37159,36353
8,"Pseudomonas aeruginosa",2,83707,83118
8,"Pseudomonas aeruginosa",3,121340,119246
8,"Pseudomonas aeruginosa",4,133900,132408
8,"Pseudomonas aeruginosa",5,181218,177053
8,"Streptococcus pneumoniae",1,6951,6769
8,"Streptococcus pneumoniae",2,16694,16628
8,"Streptococcus pneumoniae",3,26978,26629
8,"Streptococcus pneumoniae",4,31616,30891
8,"Streptococcus pneumoniae",5,45285,44078
8,"Mycobacterium tuberculosis",1,756,765
8,"Mycobacterium tuberculosis",2,2024,1986
8,"Mycobacterium tuberculosis",3,3645,3583
8,"Mycobacterium tuberculosis",4,4594,4524
8,"Mycobacterium tuberculosis",5,7194,6874
8,"Salmonella",1,18,11
8,"Salmonella",2,43,31
8,"Salmonella",3,99,105
8,"Salmonella",4,139,134
8,"Salmonella",5,257,234
9,"E. coli",1,2027443,2027157
9,"E. coli",2,1890288,1891268
9,"E. coli",3,1812948,1809084
9,"E. coli",4,1786054,1781934
9,"E. coli",5,1679110,1675672
9,"Bacillus subtilis",1,136511,136544
9,"Bacillus subtilis",2,218150,217760
9,"Bacillus subtilis",3,248159,248426
9,"Bacillus subtilis",4,255359,254248
9,"Bacillus subtilis",5,299830,295925
9,"Pseudomonas aeruginosa",1,37128,36394
9,"Pseudomonas aeruginosa",2,84040,82779
9,"Pseudomonas aeruginosa",3,120561,118949
9,"Pseudomonas aeruginosa",4,134008,131629
9,"Pseudomonas aeruginosa",5,181146,175822
9,"Streptococcus pneumoniae",1,6791,6851
9,"Streptococcus pneumoniae",2,16940,16587
9,"Streptococcus pneumoniae",3,26733,26399
9,"Streptococcus pneumoniae",4,31501,30818
9,"Streptococcus pneumoniae",5,45094,44118
9,"Mycobacterium tuberculosis",1,758,789
9,"Mycobacterium tuberculosis",2,1957,2013
9,"Mycobacterium tuberculosis",3,3574,3664
9,"Mycobacterium tuberculosis",4,4703,4529
9,"Mycobacterium tuberculosis",5,7174,7084
9,"Salmonella",1,17,15
9,"Salmonella",2,53,52
9,"Salmonella",3,102,91
9,"Salmonella",4,129,139
9,"Salmonella",5,254,216
10,"E. coli",1,110452,109926
10,"E. coli",2,675965,675141
10,"E. coli",3,3171274,3169675
10,"E. coli",4,5259560,5247026
10,"E. coli",5,8032,7806
10,"Bacillus subtilis",1,6860,6786
10,"Bacillus subtilis",2,61943,61685
10,"Bacillus subtilis",3,371025,370414
10,"Bacillus subtilis",4,720303,716965
10,"Bacillus subtilis",5,2804,2869
10,"Pseudomonas aeruginosa",1,1733,1722
10,"Pseudomonas aeruginosa",2,20987,20504
10,"Pseudomonas aeruginosa",3,161232,159237
10,"Pseudomonas aeruginosa",4,371999,364994
10,"Pseudomonas aeruginosa",5,1707,1544
10,"Streptococcus pneumoniae",1,292,319
10,"Streptococcus pneumoniae",2,4127,4059
10,"Streptococcus pneumoniae",3,34885,34377
10,"Streptococcus pneumoniae",4,88149,86403
10,"Streptococcus pneumoniae",5,610,614
10,"Mycobacterium tuberculosis",1,40,40
10,"Mycobacterium tuberculosis",2,494,485
10,"Mycobacterium tuberculosis",3,4731,4599
10,"Mycobacterium tuberculosis",4,12977,12932
10,"Mycobacterium tuberculosis",5,137,125
10,"Salmonella",1,1,1
10,"Salmonella",2,10,13
10,"Salmonella",3,143,129
10,"Salmonella",4,375,394
10,"Salmonella",5,9,6
