"Set","ID","Strain","AveragePerEvent","Uncertainty","nEvents"
1,211,"E. coli WT",20.01013,0.00658,461701
1,-211,"E. coli mutant",19.98216,0.00658,461701
1,321,"Bacillus subtilis WT",2.51428,0.00233,461701
1,-321,"Bacillus subtilis mutant",2.5147,0.00233,461701
1,2212,"Pseudomonas aeruginosa WT",1.21202,0.00162,461701
1,-2212,"Pseudomonas aeruginosa antibiotic-resistant",1.18553,0.0016,461701
1,3122,"Streptococcus pneumoniae",0.27806,0.00078,461701
1,-3122,"Capsule-deficient S. pneumoniae",0.27343,0.00077,461701
1,3312,"Mycobacterium tuberculosis",0.03927,0.00029,461701
1,-3312,"Drug-resistant M. tuberculosis",0.03965,0.00029,461701
1,3334,"Salmonella enterica",0.00129,0.00005,461701
1,-3334,"Salmonella mutant",0.00118,0.00005,461701
2,211,"E. coli WT",19.95795,0.00657,461835
2,-211,"E. coli mutant",19.92052,0.00657,461835
2,321,"Bacillus subtilis WT",2.50894,0.00233,461835
2,-321,"Bacillus subtilis mutant",2.50426,0.00233,461835
2,2212,"Pseudomonas aeruginosa WT",1.2065,0.00162,461835
2,-2212,"Pseudomonas aeruginosa antibiotic-resistant",1.18447,0.0016,461835
2,3122,"Streptococcus pneumoniae",0.27758,0.00078,461835
2,-3122,"Capsule-deficient S. pneumoniae",0.2728,0.00077,461835
2,3312,"Mycobacterium tuberculosis",0.03936,0.00029,461835
2,-3312,"Drug-resistant M. tuberculosis",0.03932,0.00029,461835
2,3334,"Salmonella enterica",0.00117,0.00005,461835
2,-3334,"Salmonella mutant",0.00112,0.00005,461835
3,211,"E. coli WT",19.93138,0.00657,461661
3,-211,"E. coli mutant",19.90075,0.00657,461661
3,321,"Bacillus subtilis WT",2.50729,0.00233,461661
3,-321,"Bacillus subtilis mutant",2.49989,0.00233,461661
3,2212,"Pseudomonas aeruginosa WT",1.20788,0.00162,461661
3,-2212,"Pseudomonas aeruginosa antibiotic-resistant",1.18356,0.0016,461661
3,3122,"Streptococcus pneumoniae",0.27645,0.00077,461661
3,-3122,"Capsule-deficient S. pneumoniae",0.27144,0.00077,461661
3,3312,"Mycobacterium tuberculosis",0.03978,0.00029,461661
3,-3312,"Drug-resistant M. tuberculosis",0.03918,0.00029,461661
3,3334,"Salmonella enterica",0.00116,0.00005,461661
3,-3334,"Salmonella mutant",0.0012,0.00005,461661
4,211,"E. coli WT",19.97056,0.00658,461686
4,-211,"E. coli mutant",19.93345,0.00657,461686
4,321,"Bacillus subtilis WT",2.51216,0.00233,461686
4,-321,"Bacillus subtilis mutant",2.50584,0.00233,461686
4,2212,"Pseudomonas aeruginosa WT",1.21049,0.00162,461686
4,-2212,"Pseudomonas aeruginosa antibiotic-resistant",1.18713,0.0016,461686
4,3122,"Streptococcus pneumoniae",0.27756,0.00078,461686
4,-3122,"Capsule-deficient S. pneumoniae",0.27161,0.00077,461686
4,3312,"Mycobacterium tuberculosis",0.03967,0.00029,461686
4,-3312,"Drug-resistant M. tuberculosis",0.03868,0.00029,461686
4,3334,"Salmonella enterica",0.00118,0.00005,461686
4,-3334,"Salmonella mutant",0.00113,0.00005,461686
5,211,"E. coli WT",19.91652,0.00657,461847
5,-211,"E. coli mutant",19.88535,0.00656,461847
5,321,"Bacillus subtilis WT",2.5067,0.00233,461847
5,-321,"Bacillus subtilis mutant",2.50041,0.00233,461847
5,2212,"Pseudomonas aeruginosa WT",1.20724,0.00162,461847
5,-2212,"Pseudomonas aeruginosa antibiotic-resistant",1.18087,0.0016,461847
5,3122,"Streptococcus pneumoniae",0.27627,0.00077,461847
5,-3122,"Capsule-deficient S. pneumoniae",0.27145,0.00077,461847
5,3312,"Mycobacterium tuberculosis",0.03961,0.00029,461847
5,-3312,"Drug-resistant M. tuberculosis",0.03853,0.00029,461847
5,3334,"Salmonella enterica",0.00119,0.00005,461847
5,-3334,"Salmonella mutant",0.00124,0.00005,461847
6,211,"E. coli WT",19.91765,0.00657,462025
6,-211,"E. coli mutant",19.88699,0.00656,462025
6,321,"Bacillus subtilis WT",2.50601,0.00233,462025
6,-321,"Bacillus subtilis mutant",2.49968,0.00233,462025
6,2212,"Pseudomonas aeruginosa WT",1.20839,0.00162,462025
6,-2212,"Pseudomonas aeruginosa antibiotic-resistant",1.18172,0.0016,462025
6,3122,"Streptococcus pneumoniae",0.27662,0.00077,462025
6,-3122,"Capsule-deficient S. pneumoniae",0.27185,0.00077,462025
6,3312,"Mycobacterium tuberculosis",0.03889,0.00029,462025
6,-3312,"Drug-resistant M. tuberculosis",0.03883,0.00029,462025
6,3334,"Salmonella enterica",0.00113,0.00005,462025
6,-3334,"Salmonella mutant",0.00118,0.00005,462025
7,211,"E. coli WT",19.93261,0.00657,461870
7,-211,"E. coli mutant",19.89573,0.00656,461870
7,321,"Bacillus subtilis WT",2.50248,0.00233,461870
7,-321,"Bacillus subtilis mutant",2.50004,0.00233,461870
7,2212,"Pseudomonas aeruginosa WT",1.20741,0.00162,461870
7,-2212,"Pseudomonas aeruginosa antibiotic-resistant",1.18313,0.0016,461870
7,3122,"Streptococcus pneumoniae",0.27483,0.00077,461870
7,-3122,"Capsule-deficient S. pneumoniae",0.27114,0.00077,461870
7,3312,"Mycobacterium tuberculosis",0.03925,0.00029,461870
7,-3312,"Drug-resistant M. tuberculosis",0.03889,0.00029,461870
7,3334,"Salmonella enterica",0.00119,0.00005,461870
7,-3334,"Salmonella mutant",0.00107,0.00005,461870
8,211,"E. coli WT",19.96316,0.00657,461891
8,-211,"E. coli mutant",19.9293,0.00657,461891
8,321,"Bacillus subtilis WT",2.50708,0.00233,461891
8,-321,"Bacillus subtilis mutant",2.5034,0.00233,461891
8,2212,"Pseudomonas aeruginosa WT",1.20661,0.00162,461891
8,-2212,"Pseudomonas aeruginosa antibiotic-resistant",1.18681,0.0016,461891
8,3122,"Streptococcus pneumoniae",0.27609,0.00077,461891
8,-3122,"Capsule-deficient S. pneumoniae",0.27062,0.00077,461891
8,3312,"Mycobacterium tuberculosis",0.03943,0.00029,461891
8,-3312,"Drug-resistant M. tuberculosis",0.03839,0.00029,461891
8,3334,"Salmonella enterica",0.0012,0.00005,461891
8,-3334,"Salmonella mutant",0.00111,0.00005,461891
9,211,"E. coli WT",19.91188,0.00657,461827
9,-211,"E. coli mutant",19.88865,0.00656,461827
9,321,"Bacillus subtilis WT",2.50745,0.00233,461827
9,-321,"Bacillus subtilis mutant",2.4964,0.00232,461827
9,2212,"Pseudomonas aeruginosa WT",1.20583,0.00162,461827
9,-2212,"Pseudomonas aeruginosa antibiotic-resistant",1.18134,0.0016,461827
9,3122,"Streptococcus pneumoniae",0.27512,0.00077,461827
9,-3122,"Capsule-deficient S. pneumoniae",0.27017,0.00076,461827
9,3312,"Mycobacterium tuberculosis",0.03934,0.00029,461827
9,-3312,"Drug-resistant M. tuberculosis",0.03915,0.00029,461827
9,3334,"Salmonella enterica",0.0012,0.00005,461827
9,-3334,"Salmonella mutant",0.00111,0.00005,461827
10,211,"E. coli WT",19.98328,0.00658,461650
10,-211,"E. coli mutant",19.94926,0.00657,461650
10,321,"Bacillus subtilis WT",2.51908,0.00234,461650
10,-321,"Bacillus subtilis mutant",2.50995,0.00233,461650
10,2212,"Pseudomonas aeruginosa WT",1.20797,0.00162,461650
10,-2212,"Pseudomonas aeruginosa antibiotic-resistant",1.18705,0.0016,461650
10,3122,"Streptococcus pneumoniae",0.2774,0.00078,461650
10,-3122,"Capsule-deficient S. pneumoniae",0.27244,0.00077,461650
10,3312,"Mycobacterium tuberculosis",0.03981,0.00029,461650
10,-3312,"Drug-resistant M. tuberculosis",0.03938,0.00029,461650
10,3334,"Salmonella enterica",0.00117,0.00005,461650
10,-3334,"Salmonella mutant",0.00118,0.00005,461650
